kf,d0,d1,rot0,rot1,trans0,trans1,improved,worsened
0000,4.612271764942206e-08,4.612271764942206e-08,1.2845858353338165e-14,1.2845858353338165e-14,4.612271699319357e-08,4.612271699319357e-08,0,0
0003,1.136540700089782,0.9242660187360081,0.8372269768394488,0.6611915326579555,4.657285795573009,3.30939780146723,0,0
0008,2.176197984023446,1.6412608518513916,2.307382426682434,1.740859707590825,16.29640018732209,8.979226527345524,1,0
0012,4.914222999827464,2.676705022537488,6.848332954369525,3.7838717660496313,47.69039653319681,23.22329520710938,1,0
0016,9.040619034590714,3.164769200267971,13.51509819581539,4.821025342835248,89.88682298036964,24.942241308274532,1,0
0023,19.170019448855463,4.658469989729925,29.992517656600658,7.039468458795591,192.0335902002427,34.7318868451991,1,0
0028,21.66372806178453,4.669772822498176,33.515494470443876,6.767197271650052,218.5975399545774,32.022602080448806,1,0
0043,35.437799802599514,4.0880135762265235,61.206712992003695,3.694938664062658,397.6693006832688,21.234769998854134,1,0
0051,38.57568184459264,4.92008847664514,68.95525444713611,6.076681393490219,464.34199515076324,28.6038613524989,1,0
0058,39.50443795173696,3.8998898634161954,69.8079836646747,4.278467462881286,509.7451792628798,26.240535865965306,1,0
0063,39.93452580047842,4.150068242410764,70.7190696702827,5.145246636930888,516.4753882304234,29.91154169621128,1,0
0064,39.847948211394325,4.936192995636097,70.62193353563286,6.218306597203122,506.55523279615113,33.20255046751359,1,0
0066,40.81162790321834,4.78923466373038,72.42684231356567,6.219997622638272,510.66207960403307,37.93044029744334,1,0
0068,39.579884947359645,4.775237735433739,70.29744343445039,6.125154563310926,486.9653874850682,35.991621282357556,1,0
0071,39.17996433854612,4.752658127029377,69.39321555774798,5.949631101847941,473.1574535919739,33.66691422040254,1,0
0074,38.061767526582386,4.115819142297436,67.39436872090944,4.794315808649491,446.2605612078706,26.784291627177684,1,0
0077,39.05824763248338,4.336448998094865,69.06515869410444,5.232574636008458,452.8001178095036,31.315354101719205,1,0
0081,39.8774729957299,4.926448597109399,70.27613427576699,6.119589812798232,452.3656588238461,36.51341579791649,1,0
0085,39.16960362828258,4.218285661833331,68.86282746736262,4.694836582144597,443.78565992773673,30.807271125809866,1,0
0088,39.89898115954028,4.6213114099191275,70.68600937526654,5.886665542387705,454.62730036155517,33.858499971304845,1,0
0091,39.779691462844546,4.003082592284223,70.35552028255725,5.053090495633573,453.0404092085562,27.769628589333475,1,0
0095,40.83384784323099,5.3119932589013965,72.60516535305283,6.876691962889517,471.5529937704879,40.0637718535504,1,0
0098,41.441199904727796,5.548473160884035,74.18799731645298,7.9564202471866485,482.3554976760254,47.1861787768999,1,0
0101,41.292346002793586,4.993010880955668,73.41823276576712,6.774204042638402,483.43278718593604,40.32828181936153,1,0
0103,41.32156489538102,5.480138163314479,73.300733906033,7.2045413618770455,482.7720754604388,45.87612902088258,1,0
0105,39.881688574337986,3.951904917199418,70.01068597094866,4.082368471606997,462.8582188659314,26.560124051191575,1,0
0108,40.249703714653656,4.964823238512717,71.49646575468309,6.325151941033965,451.0608600275037,34.11500100419099,1,0
0111,40.99388629839503,5.766750618419114,73.21475709738321,8.115220137093077,444.4298516629452,42.38447171556122,1,0
0113,40.18069209099447,4.510908144740829,71.29088828044341,5.647893904186183,427.39586222501504,24.613853726569538,1,0
0116,40.30947011616529,4.4149901412490955,71.43079983747465,5.44274461048729,428.410842624035,26.254879952704037,1,0
0118,40.471799321906246,4.809863292006655,71.54611548850356,6.025329458221092,430.5824626818441,32.30823517793594,1,0
0120,41.27590409706648,5.393359684868357,72.97584115840732,5.949552741739853,443.207313723893,29.981200397113977,1,0
0123,40.98696186265016,5.378476114418002,72.33768140558855,5.5668993166168,458.0091242102746,34.64006893459534,1,0
0125,40.48425255038315,4.402436400821071,70.96968628942207,4.087942649075484,462.81695014639183,26.32537793555865,1,0
0127,40.51903226078243,4.292273516981011,71.0010029298082,3.6542335560428647,472.2292325595861,23.753761872634406,1,0
0129,41.552458435371626,4.995472987631789,72.8154994508263,4.684324898752433,494.7788321681044,30.552803156033736,1,0
0131,42.03788806913493,5.244174843820239,73.94090778763783,6.182475000411065,513.6126894250115,41.24839317676043,1,0
0134,41.76317724798752,6.312884505935171,72.27752739498257,4.372644187894744,524.1155525907411,31.360600301426878,1,0
0137,41.606074269389666,6.045061774571894,71.56930817770153,3.600265287949136,533.6985320759563,25.224423533840596,1,0
0141,41.94872149287103,6.946830342994682,71.79052499698544,4.140634796203507,547.5010233196915,29.69655683633449,1,0
0143,41.61936472872811,6.855970310049881,71.43516261465334,3.9567137505629213,552.5911383396495,30.609852958601373,1,0
0146,41.7690644315569,6.6886503234558745,71.80676957294992,3.9599498694959476,558.5755283903281,27.58357262087052,1,0
0150,41.70633976104191,5.759378802766883,72.9395478231227,5.5057368479674,541.5071327316551,39.56544176756194,1,0
0152,42.00496581157724,5.87454784483707,74.53149997357743,7.231996301281915,516.4225855295697,46.73037789026638,1,0
0154,41.743519093632116,5.53428252462716,73.81360761013354,6.256814694830229,473.4763496978799,35.94954281237485,1,0
0156,41.73581963719762,4.821126007507869,73.97005047423205,5.640106340849638,407.37308069452354,30.269449252682794,1,0
0157,41.448586204494354,4.556703415793084,73.39170340664438,4.74773395662672,354.4754428709111,21.701044534587158,1,0
0159,41.93284828940258,4.758698538060198,74.2051191292937,4.809825753400568,296.0082707840087,23.150755687519588,1,0
0161,40.963626395130994,4.220815410833853,72.88619067668935,3.3509194677647547,231.38357952148334,19.767468955847598,1,0
0162,38.45129729328244,6.4295759868516695,68.42898569330657,6.389926746164036,139.4013800437976,33.86097410428247,1,0
0164,40.320486143413234,5.059884806556784,70.41786329062437,2.2816508568412845,93.30139167192465,15.898043904906588,1,0
0166,44.26800930679182,4.934622686422668,76.7884809981826,5.203368615977666,84.86013220033446,21.65894167362042,1,0
0168,45.761380449392824,4.593424010180325,78.59441180373527,4.233854781182348,152.06181567740853,23.169369448867446,1,0
0170,47.462794907023984,5.692019571694231,81.15461497847826,5.64513370809996,231.9326925551577,32.14698590259501,1,0
0172,46.70784150273209,5.202527567949906,79.1272705543598,2.8052923428138707,298.3885105204735,22.98060857498026,1,0
0174,47.946285661780415,5.791357648778046,82.55207761655585,5.900477466034737,385.224064918692,40.8093915816017,1,0
0176,48.05273301040598,5.64939664823621,82.31783601781191,5.676325747266389,438.85355677929164,43.28476290104785,1,0
0178,48.17213117628571,6.897548302796829,82.70898459194308,5.973596378415383,495.16249726706747,47.300930986905364,1,0
0179,48.3656265258179,6.746580488634196,82.63354419517205,6.177965876635742,538.7477035054908,51.39645068431979,1,0
0182,47.796492991235866,7.829241930103308,80.98216706845967,5.63083246419666,571.5779679433148,49.939411646485674,1,0
0184,47.521758718743456,8.045868362686557,80.83371668548656,5.2662161715286855,600.2733307214769,49.42137474563613,1,0
0187,47.78361797409504,9.032589008018387,80.50703975704458,6.029668604972282,629.3085691278241,57.524456438869116,1,0
0190,47.01932828112315,8.953694189736883,78.1824035815102,4.406866734898695,637.2501145740392,43.866260197079484,1,0
0195,45.9264137870404,8.574777733831041,75.47544198549076,3.444857161389518,639.2552307031302,34.54562232698808,1,0
0199,46.330697392039596,9.088321655063279,76.74000696157458,4.950936962801169,654.4034155629233,49.241693050198805,1,0
0204,46.642530118633445,10.27770417409329,76.79402481041639,5.83418437666604,668.1130463819528,57.774641380143116,1,0
0214,48.14190119829408,8.488756868846428,83.1767302864879,4.708204057494924,668.1145240540707,45.833292531086045,1,0
0217,49.63573083259675,8.808744291952927,86.24826954183267,6.768624573888728,690.7817094555697,64.01578266040156,1,0
0220,49.89920304264214,9.028942859053078,87.91258323085898,7.541665031172754,697.431989562923,70.36019523995458,1,0
0223,50.079735579140596,9.150137884880495,88.42816285182167,8.017236751483297,692.041680395186,73.78509389377723,1,0
0225,49.67187558796672,8.686766241599221,87.55666235688149,7.468645941680369,678.1183835703895,69.12901401161403,1,0
0227,49.35612488083027,8.013961230859662,86.78755327123389,6.878085719006268,664.329835798661,64.0023147756494,1,0
0229,49.906962396226874,7.992256922509647,88.2038194421357,7.969590091162801,656.7271594607722,71.2155584352352,1,0
0231,48.067638376660796,5.230710684382033,84.60019791473765,4.301623263953922,619.9233846725826,39.176402929788495,1,0
0233,47.767887986036435,4.898889984554215,84.31624175737544,3.974677426572562,610.1980064667351,35.39556990640128,1,0
0235,47.692759454687504,4.335094462051566,83.94285524912986,3.9498158277411766,601.5175388970146,34.78108373347964,1,0
0237,47.76933869399823,3.0986144146006023,83.6354706848102,3.1077059385253545,586.7923070248642,27.485243963860867,1,0
0239,47.713727392315015,3.430286524538573,83.50200175331284,3.31832933840413,571.5985360687123,29.32899956850218,1,0
0242,47.60246840351092,2.9662635089075495,83.8583737988757,3.625255015835288,566.3599091955564,30.105161868362757,1,0
0244,47.632039167597995,3.753916584561407,84.40803859730427,4.148002689932566,559.0737750111829,34.293726275870114,1,0
0246,47.32715623465095,2.5316718811321643,83.58765649189885,2.9728796567277773,547.9274741381805,23.688345854311198,1,0
0248,47.27505297569388,1.678638919552541,83.51358672832296,2.4742798908257138,543.3061687487535,19.902085332195863,1,0
0250,47.614480233084336,1.9213714606140986,84.34729919417514,2.663895765201248,541.7298064217621,20.7978424637392,1,0
0253,47.23822605531455,1.1603139744249726,83.66396529525906,1.1637974461057192,532.6385468614818,9.093380583622803,1,0
0256,47.124354255734524,1.7399675429899288,83.48478980988705,0.675732653138913,528.8361000802613,6.373204868223041,1,0
0259,47.842131888690396,2.1039502510896133,85.34425846893967,0.861046691307743,529.946855440832,6.668680508906131,1,0
0263,48.976451943753325,2.13465987006306,87.9297154108294,1.8563210384041378,541.2245142813447,11.939280325378686,1,0
0267,48.783792758394725,1.4172095439710592,88.13231628394976,0.48729456589443587,530.6978149631045,5.180342714153038,1,0
0272,56.34203555332873,6.8956684785713085,107.2684748204011,10.677974886132887,600.9618035893103,65.58700366608367,1,0
0277,56.480683396642505,4.155536247069918,107.66637327691095,4.383274623108412,620.0617329485071,22.179951144381636,1,0
0279,56.55500907381118,3.8929197000510087,108.7320938909476,4.453413062727634,624.7875602350027,16.467584421500927,1,0
0284,56.80559422788519,3.8534130045623622,109.41215242411587,3.063342484746824,641.4656563187117,21.291020501841192,1,0
0290,57.599371574103905,4.204294489897628,112.76849353341879,5.228429425776867,669.8193115186291,25.077656671573507,1,0
0295,58.02505969810722,4.656608011156958,113.80794772955065,5.134412860336019,690.177744217871,28.330853658117405,1,0
0298,57.99617363280513,4.787974315302522,114.06499018505089,5.456870759141988,692.9327038263662,31.500382866147557,1,0
0305,59.3651123426514,5.058057920659091,117.75035400072501,6.338064439570393,725.3335864447904,38.74798313758227,1,0
0313,60.02372621374125,5.3796066276403085,119.88021024815941,6.817789053471024,739.2454135551804,45.36824953879026,1,0
0321,59.0298935703489,4.941671611819381,117.41929739340318,5.961426734194548,767.9420565409326,41.89195555629504,1,0
0325,58.8436809096717,4.865813832537481,118.05300497271439,6.653915926159452,807.2284827299177,49.39791485980466,1,0
0327,58.509470971361466,3.9730849707411453,116.32264768398667,4.422295084180315,814.7721772800292,34.91575510405522,1,0
0329,58.91157083592891,4.719585858433106,117.45010696832124,5.509740073753353,824.1033215321243,45.55098302786219,1,0
0330,58.7863484865872,4.8501591958717505,117.02370914227274,5.465421456801925,823.8809707326262,45.71825266479759,1,0
0332,58.831267337526015,5.029282802052002,117.35662612721472,5.473596127017413,823.7007757513776,46.0139593362616,1,0
0334,58.86160235337496,4.520057868218181,117.68222557322099,5.206971906063587,825.2217099286717,43.69888243726041,1,0
0336,58.91576626257141,4.774269398116957,117.76073663966386,5.7856012112788395,822.8253776276357,48.62794143799398,1,0
0339,59.47041090376276,5.6972189141806595,120.02912101718981,8.533904951702148,829.6073567015346,69.07917475774968,1,0
0343,59.06747959268855,5.1237808805967395,118.37059975635849,7.567323902186855,819.0920981012221,59.916593405203564,1,0
0346,59.28933340680639,5.382295330120376,118.4078704018796,7.561136283863076,814.6092699135779,57.69087523178485,1,0
0353,59.07395286031235,5.131175010932659,118.09636166950403,7.531249181578142,824.0218450697814,58.03927953964846,1,0
0357,57.96278975064424,4.568727058113365,114.67332213929618,5.789801310886845,804.4430879972831,44.18125135793926,1,0
0360,57.45756086377658,4.276026797766034,113.1112754879517,5.673821716716665,791.3961545433863,43.81675618204756,1,0
0365,56.317677635856114,4.077041599108142,109.79595190110919,4.8761619825569475,759.2788762844185,36.06001478731973,1,0
0368,55.38187165566792,4.806792636174113,107.16450245485034,5.158247977440964,732.2553410601275,37.32083701812285,1,0
0373,54.379779587721714,7.153439421164297,103.28960922646633,10.496656192924936,692.8513461695693,79.37286105949525,1,0
0378,51.228912323105725,8.202956613507531,95.02213110755658,12.316746645597874,641.6941628644435,91.24072646783155,1,0
0380,51.25515836098295,9.069928202329494,94.49315995514806,13.86558121410445,636.2271816409327,102.56735038680696,1,0
0384,51.523644525025524,9.682303092783888,95.5813481686042,15.826837679797885,640.9294917915672,119.57060807060701,1,0
0391,48.61335659522513,4.614440417296148,88.18036803038372,5.753484980047955,595.6176836718594,42.89031759541398,1,0
0394,49.52023034575869,4.9673102652381145,89.70759920549335,6.709230094671321,594.4015335727977,48.06689143194755,1,0
0396,49.57226383549318,5.0440136715025305,89.72090591898176,7.917557047367724,575.4272770220058,54.38554517831155,1,0
0398,50.24603232447504,4.453064924670211,91.48195403962492,6.480009045343197,560.7874288077176,41.993485236573676,1,0
0401,51.18933000838193,4.59150709246335,92.94023786470794,6.824979222908223,534.5182550620749,40.37929936979414,1,0
0403,51.84073695236948,4.1290899772566725,94.92411729137818,6.53320540963111,504.2820299562166,34.141136113359714,1,0
0405,51.09706378661382,3.77489684750501,94.10756487579891,6.12463620220278,459.76100413690517,25.769970836993174,1,0
0407,51.20912771682358,3.8333994883658664,93.02979439813633,5.504193423529633,404.2229637669711,20.039054569194626,1,0
0408,49.764824628115136,1.9917955349267589,89.08374287229951,2.528604991354739,343.2280173883064,5.440390790512543,1,0
0411,50.610835583872685,2.918878827922061,90.84744160691639,3.8657426100419805,307.8329323682455,14.822457947273799,1,0
0432,48.823326347223826,3.2278016646765177,88.13577276538207,4.949296026523863,483.8691360571112,30.531033274379887,1,0
0445,48.09964987009027,6.134362361664542,86.84078151102649,5.542669821950195,518.4617591145336,38.096943937403594,1,0
0450,48.13892305637311,6.327640354996929,86.44284640502613,4.984072007475791,511.9228460590598,34.65180715119548,1,0
0460,48.43080041461098,5.530291952416222,86.77523094363156,5.281585373625677,521.7420531228647,36.34115504217979,1,0
0462,48.83080378483026,4.874406177904946,87.04369786325569,5.100851424256788,525.1901730820028,36.053791120136594,1,0
0464,48.932434063447275,4.871072698835411,87.18977209782216,5.21845423605409,524.6704091637905,36.32309863173951,1,0
0467,48.15081165201122,4.414980554755534,85.28785463198457,4.247871092077975,507.7888380732889,29.629512548868934,1,0
0469,47.64748880413724,3.6887848012019906,84.12553975817069,3.053538866037434,485.98358700163914,21.38124923401147,1,0
0471,48.28088255622268,3.992284910310946,86.00547857118687,3.884023389101548,474.39508445733975,26.0772312373321,1,0
0473,48.33258141105084,3.1397297482218898,85.53644130322073,3.7376104205442324,446.5330006947009,23.03086867075842,1,0
0475,47.201048693625815,2.0361448426556628,82.70483097380263,1.8540963742138041,405.78532842198194,13.069588149073653,1,0
0477,47.37012353242855,1.9327714055870058,83.39528095341335,1.810994489641356,375.52341741825,12.690736199429951,1,0
0478,47.235925815816685,1.736709245565254,82.99751844984362,1.7130380342952352,341.4552524490204,11.940251024057362,1,0
0480,49.35268107748871,3.9034997299883507,86.1781174119696,4.751860838997866,319.35600488815993,24.948856626278527,1,0
0482,49.34624427730565,4.128721870026834,86.05963190532155,4.732008587962289,297.7888542065071,24.47564676536973,1,0
0484,48.27068539474633,3.555168429790734,84.60665894989467,4.096786251178842,291.2443907681362,26.189855752459817,1,0
0486,48.92403281614289,4.316578648056622,85.34720073602759,4.5293516833559595,301.5761043448885,24.24582984965024,1,0
0488,49.16902377400149,4.622573686456004,86.27919351065239,5.482476410116526,341.5991355119514,35.606672630747475,1,0
0489,49.393779478167126,4.85219542330619,86.5308785548108,5.6644958373755445,371.47633658589154,37.838977016037816,1,0
0491,49.19403740348919,6.055651624671574,85.83403857299834,5.997564340336246,401.8411442857024,42.92683148101996,1,0
0493,49.05049115809898,5.5587213611198365,85.39408020061194,5.496414017718731,444.28153458219015,41.56242622896237,1,0
0496,48.47940244372677,5.557703563981289,84.34207788822154,5.0470800234388475,493.5826449219203,42.00309066311887,1,0
0498,48.90829119728071,5.5894242807167105,84.82447606116654,4.764658773104852,542.961163740587,40.33785672998097,1,0
0500,49.068165612468476,6.455806060316234,85.41790777693366,5.256185841273064,599.6670589168771,47.14754886541779,1,0
0502,49.692722431613674,8.698065927973182,86.1327155450793,6.067567085361252,648.8896951259454,55.63884039454283,1,0
0504,49.43776364165855,9.017306559372882,86.21250133250791,6.0503089736936415,672.8944825546814,56.982934584779976,1,0
0507,49.83751823611394,9.391310125094964,87.40076822729391,6.8456395243741435,698.0246085489822,63.93881687457269,1,0
0510,49.053891781281635,7.640990619523947,85.5912640701499,5.368639144653494,689.3865064243968,49.717990788122535,1,0
0513,50.096756094172406,9.936404970402453,87.75953494112149,7.232601432301696,695.4978718061349,64.57794810541361,1,0
0515,50.70513224223937,10.407978005927,88.57561648858078,8.148478849181016,693.2318847729463,71.79386737339074,1,0
0517,50.36645075781764,10.395026976385312,88.15942837711155,7.312982168000265,678.4922071874113,63.62459142686848,1,0
0519,49.578953049161576,10.034892230920974,87.35455798215271,6.816166994447362,651.3422550145814,54.4602844463952,1,0
0521,48.63948562574429,8.907760765219802,85.7988527944498,5.810751432476507,613.2606067989991,44.885858341122436,1,0
0523,48.73093713149651,9.258133342569007,85.76998387693128,6.158028442349136,578.4562238840535,38.487382352098926,1,0
0526,48.031087560761804,8.888360874041581,84.82267906040128,5.695145850112864,530.9167227149303,31.902241069815297,1,0
0531,48.63296844217697,9.370263704557367,85.96321192767304,6.54795802478806,499.8309058037625,33.66891547041075,1,0
0535,48.368210593324626,8.693085058083735,85.95209509875077,6.291302885312229,470.6071107711234,26.68245523479046,1,0
0537,48.877293620726924,9.449004074495992,86.87287933014993,6.9728211492603585,487.8063349248829,28.763632803602597,1,0
0539,48.61953622717084,9.319070970273055,86.26679165149643,6.033749848804546,506.61666592400354,32.83970057027261,1,0
0542,48.55037869406764,9.236338698540532,86.30082043798863,6.352366275615982,523.6293212146587,31.740692468748186,1,0
0546,48.73200551014204,9.424960550362421,86.65896783567257,6.6682863704410655,540.8498405108827,34.76804159583842,1,0
0548,48.68135141606688,9.428812415676308,86.8580120297063,6.619865596597019,557.0609857162957,39.20816037506298,1,0
0551,48.67259066478999,9.830886985078436,86.44226788119619,5.801024943922499,589.0314560538926,39.92659035519397,1,0
0553,48.6956686029951,9.524810616426251,86.86386550777681,6.313826045921086,613.9982896501766,45.50042968308612,1,0
0554,49.22095766897485,9.701398574782834,87.64870642485025,7.22489201744751,630.4143424243277,54.13581266268682,1,0
0556,49.73320628047185,9.521644787604785,87.88418190779649,7.373976177100112,645.6233518244557,60.77257731871129,1,0
0558,49.62667482599102,8.368271767182426,87.65801120432938,7.451967584490727,647.2276769631112,62.252634507341156,1,0
0560,48.56996880303355,7.079496635789335,86.19040193260943,6.460880192719812,633.2723069677169,53.92409849361708,1,0
0562,48.5824556519828,6.546136782573681,85.8478741862678,6.264468640752814,617.3039209752086,53.70929450280401,1,0
0564,48.41108011838461,5.318114744057924,85.20741501063577,5.8882203640925725,596.6720349616272,50.4147601586194,1,0
0567,48.80394725931595,6.0258827689846495,85.97472798600046,6.769364643269036,570.8390008122337,56.92164603873093,1,0
0569,48.85813803183872,5.740475312848484,86.08895284781589,6.919517253790465,533.3194957560249,56.922906539733034,1,0
0572,49.20165234622755,5.232176800816385,86.41255170261843,7.135123342669613,487.56924865017254,53.9589005825164,1,0
0574,49.28739366629511,5.479128307570303,86.48519232485087,7.157013644753139,443.44908465553254,51.70025474224755,1,0
0576,49.18783421687878,4.962425394228572,86.28634685981777,6.88591153987128,393.0381475128199,46.87979617184563,1,0
0578,49.00530255705011,5.072305142711309,85.6852255070295,6.664628599190358,328.2399699421438,43.705329406171906,1,0
0580,49.23313590832237,5.1343045376724525,86.45938557737237,7.259037022857865,261.25088460742427,38.353142256669464,1,0
0582,48.81885075845144,5.092878818001301,85.89317735533574,7.325940407242601,188.31853649828074,37.1501107872791,1,0
0584,47.46907537903753,4.227473973056898,83.06094057246581,5.324741644353535,105.58920672779942,23.83411339446161,1,0
0588,45.9239064704823,5.661394317257558,80.70482039827228,7.237848848506774,45.71630430167309,23.546557568819065,1,0
0590,42.368989864553896,5.032427566840018,74.33128357199688,3.7689294259049073,63.325206045957856,22.01054222967846,1,0
0593,41.20165518572842,6.332600280291501,72.53496491315286,4.002689268947981,104.02628299426738,28.894463197474803,1,0
0595,39.91017992157893,7.235684039276751,70.4534011315487,4.789575902457383,130.74512271358066,33.169601154615535,1,0
0598,41.922360947575946,6.1845645900282635,75.15462202510794,3.6583804658830132,176.40802538801884,19.204590899858207,1,0
0600,40.3376887173042,5.95288903789756,71.75790408777735,1.8917328513612746,219.99946947864575,14.665704888411678,1,0
0602,41.14975833075716,4.5730487243559965,72.81791678502692,2.9103751987556072,290.2554034997365,15.405668662255701,1,0
0606,41.172398598291636,4.909120284196732,72.3762582029083,3.113027264749148,365.893658206111,16.363220079989826,1,0
0609,41.264654764000085,5.462808036021315,72.5633715624252,4.856364112801756,410.4652024679052,27.383778381065824,1,0
0616,41.61993973591021,5.492087123148036,72.89117828177699,5.133582928463335,503.15259758990385,38.62157859870385,1,0
0621,40.74334740801507,4.969190015384847,70.78639528091189,3.7426262329296156,492.0396309362899,26.19245635068199,1,0
0630,40.34675753593315,4.833074378968292,71.04581134578972,5.466835832310129,432.6612233239846,32.80124182606412,1,0
0632,39.07003191568899,4.612656381925007,67.82534853485534,2.984945627225263,402.1196090248212,19.21714603251789,1,0
0634,39.57371299455479,4.044989333845303,69.36227073146883,3.185634331180634,402.2998492704078,18.47051353431399,1,0
0637,39.51250211867557,4.584812448818346,68.76288709176279,2.935989470173113,387.04273583064685,19.65745068818421,1,0
0639,39.818791506367276,4.687048755009127,69.3576877300656,2.740783631750282,381.9569986188047,16.75144087746066,1,0
0641,40.43462990159044,4.106952634155658,70.95584342190088,4.014857955239935,386.239266319426,21.02346649288993,1,0
0644,39.99943750608035,4.341047863428019,69.93818739379863,3.1163377078588965,385.9179994302061,19.84633194866376,1,0
0647,39.255516887933,3.7553633520353444,68.69924706528423,2.898305367010061,390.7146761584475,20.31953852214864,1,0
0651,39.0918149441235,4.596641988679015,68.26481652985333,2.9427681178938965,397.0091499881701,20.93255690814549,1,0
0653,37.81188727876785,3.9654460509660594,66.19613851370086,3.112127239213878,372.3693875501231,19.8102986268887,1,0
0658,37.27495931804631,4.620420784771928,64.93048568984979,3.578915758950879,390.2894201018122,22.314527105801787,1,0
0662,36.99921910092501,4.577357091524627,64.94211994908578,4.014076052219265,393.0946098441895,25.95496946762603,1,0
0664,36.606970562320846,3.9248208724254408,64.09732042360828,2.9653664105854225,388.1277471221669,22.836626092043947,1,0
0666,37.34539250637459,4.245525816872602,65.73790478937798,4.133717604651889,398.16202039656827,24.880313019115416,1,0
0668,37.088675662597915,4.577721979726327,64.95547986043827,3.9298217543150815,396.5289840701442,24.007019599965815,1,0
0671,37.108655533756824,4.475984460307336,64.94653203686636,3.6190525432675504,410.278395486843,23.26794716712903,1,0
0675,37.122032710234095,4.211096648113763,64.75371249333146,3.4540685217504055,419.80858832345143,24.378345261622744,1,0
0677,37.97582541341923,4.30950820721894,66.85454930079429,3.7060697333738966,442.19170142696066,26.581932399771322,1,0
0682,38.284163039634706,4.911819474004637,67.23820574483564,4.365005017704446,459.4389247217414,30.730789795933802,1,0
0685,37.85814194255094,4.757686580122228,66.51102192599964,3.943109678464959,465.97906818144,29.164754413496524,1,0
0703,36.08145673539159,5.192811147002991,63.02971799061949,5.9067067618374125,460.7866772131757,37.16063064609317,1,0
0705,35.42462385153589,4.951358687969434,61.781536715300604,5.1245455811261875,449.1862335557865,32.84103073230069,1,0
0708,36.472143594636606,8.474557033907015,64.71308402193193,12.984848190399385,455.5448731927369,88.24583396474006,1,0
0711,36.83801197684963,10.695185410115892,65.79566486779149,17.58476081897941,458.220348851611,122.88382801551124,1,0
0714,44.51914878826113,6.2133751667274675,82.64505011171026,8.932671901149812,573.8673517544515,64.53797571678196,1,0
0716,44.75643642451032,6.42244217959702,81.02044026413046,9.224394218544026,563.3617942370067,65.10258543494959,1,0
0718,50.522751239650184,10.213920923363407,91.24150470878911,16.249878288737,616.9421214522433,117.39623653701004,1,0
0720,48.416265637814725,5.701754812754563,86.41137672107082,8.471845607344013,588.5211848785523,61.47649252145478,1,0
0722,46.64307554716047,4.213443619702963,82.07225275512535,4.445497001759337,560.4210430814209,30.585202390792904,1,0
0723,47.99045377736211,3.572583016998808,85.28630742575632,4.623198626832583,578.094874872756,34.47414670776538,1,0
0726,47.5094627391879,3.7822560391558993,84.43093782210963,4.392557575475049,567.0852344264938,32.167689425335254,1,0
0728,47.9723290291485,4.016901175426832,85.29302834250721,4.804266441862939,572.6738659896837,36.91570385159958,1,0
0730,46.978395286874004,2.669402895351345,82.68886325080358,4.144676516535928,559.7476489291819,31.674773805999298,1,0
0732,47.19879100781361,3.0343593565079883,83.07524852421001,3.9770275532243486,573.6844720904573,32.246728313210724,1,0
0734,46.57116810760763,2.991227570480808,81.87945066142677,3.2345561625650556,580.2482793990016,27.00202100285666,1,0
0736,46.16562021303147,3.1061315567379424,81.44927056698403,2.8621522408034115,589.6080204949565,24.138412421058938,1,0
0738,48.16600412008007,4.8949699785323215,85.03000423717802,5.905208382778567,627.6796806857446,50.41448994405248,1,0
0740,48.59420032178488,6.04612605246049,85.86235202575496,6.484377473222357,650.0316678826404,57.38190671818127,1,0
0743,47.96643870537173,4.722347769375208,84.7521358071938,5.576466845874283,657.7217319523278,49.13968877374585,1,0
0746,48.10470079199018,5.683800741101645,85.39073811329281,6.078864446510409,669.7392803908306,51.63479647263789,1,0
0749,48.059610778408164,6.30779130698484,85.53872850322702,6.375104413432849,663.1824694964107,51.35073797387371,1,0
0751,48.31508978578885,7.660883294253133,85.70803101760629,5.710044121972544,658.0526357609609,47.01771071713992,1,0
0754,48.25086635216378,7.066709517045036,85.83135481126419,5.5632714044829825,640.6486538969845,42.053779624846094,1,0
0757,48.350075856573476,7.609033290307058,85.86359155037964,5.559039989066389,625.2658293641233,41.30659606282441,1,0
0759,48.15952559983974,7.983488553361419,85.3963651524488,5.32392386649957,605.874614895519,38.1448493126867,1,0
0766,48.64397564813506,8.609734333382722,86.2984464213895,6.527968180290118,511.7083659121289,30.896534960547683,1,0
0773,48.47037210010912,9.178917616622286,85.6623117259209,6.204952069014593,430.9184298309221,14.368260569454678,1,0
0788,48.51551375832344,8.91955815622539,85.95352036045365,5.676482658218798,426.47827267763023,24.660033798318004,1,0
0790,48.43485617639018,9.307483041317548,85.88156615482379,5.774483701531449,464.5332336833354,30.386503022172207,1,0
0792,48.47748750284841,9.732477384718582,86.56551893222533,6.738242958507584,506.9967430936492,35.29974354527076,1,0
0794,48.48945091673666,9.239825649806853,86.23388581930979,6.015538798972422,542.3156779679791,40.42470140477504,1,0
0796,48.82954461871687,9.315635685959435,86.70212769458081,6.47793856467088,569.3550075521002,47.14766090341064,1,0
0798,49.140391170157905,9.837766222605481,86.68762824161487,6.528403343742214,590.5528926861546,49.19717009209904,1,0
0800,49.425328286430066,9.657286104879622,87.3698054441913,6.889457834812068,620.577084855154,53.5073693400452,1,0
0812,49.81527718156971,8.467019769643699,87.41472984267432,8.575504805518966,589.9083347158527,69.95188873864056,1,0
0814,49.32268433417113,6.885356853692123,86.08021528709973,6.862622389763418,550.4445891425631,54.198586273626404,1,0
0816,49.42110953287938,6.281257693291098,86.1532703392703,7.021390090799039,507.64123988185906,53.72296909291986,1,0
0818,49.35825264048887,6.194970067023222,85.90193086557316,7.141340643085919,450.56559716945685,50.4654712315874,1,0
0820,49.57838419466189,5.736445409221223,86.63395300346383,7.413515069596453,370.1639879880762,44.72260696673751,1,0
0822,49.75751370269823,5.630172484444517,86.99384852292033,6.993647385586769,314.1203087968488,37.437190451454875,1,0
0824,49.7133765961639,5.196104190122142,87.30406196985935,6.9464303661135425,270.08359292507566,34.893523561665695,1,0
0826,50.362713086411645,5.9570020240163375,88.4902846151261,7.958071193073796,231.02908183191374,32.124520858206814,1,0
0827,50.041110112020654,5.056648039060661,88.25626452667237,7.228136026768865,190.96807971359945,28.251986989134423,1,0
0829,49.984863924710794,5.106593280804641,88.79884477898754,7.4764656962280664,140.6223885225962,26.361048648990966,1,0
0831,48.95091212403603,3.9616843988772708,86.54987581086566,5.488930062101572,104.05558663858342,22.339800833404134,1,0
0833,48.44649161794864,4.03925181858749,86.28641881314768,5.436908398199076,110.10327512449568,13.761875800788443,1,0
0835,45.42124782953267,4.293847731987555,82.39636712058854,2.850239781594698,154.05721167342978,20.400822063824926,1,0
0837,47.08863514838136,3.7033236778408294,85.01619646625186,2.4954425216285805,188.7753317921917,9.209591549243807,1,0
0839,47.894690367793814,3.5455131533975988,87.4863173113828,3.9120285913584945,245.6788021108927,16.36345334725151,1,0
0842,49.585363885167375,4.363841792140647,91.34446989442786,4.911500251595157,304.99063697103287,16.623354720671323,1,0
0845,51.362281232527344,5.3541939065521955,94.6077693717722,3.619257801831783,379.3236232540131,17.004850978548298,1,0
0846,53.65406311978647,4.151353854787026,100.41197417914138,1.2445251663906785,450.0784855713966,5.338231162108476,1,0
0847,55.800703630409245,4.130810415597882,107.35265950374976,2.149572256474562,477.997267237497,8.757125758374963,1,0
0850,57.74167498584462,4.5902247471259106,113.27278971560719,3.3176078634903465,572.3823180290201,15.219091104884182,1,0
0854,58.136941377314066,3.973178701893059,113.877978019223,3.5443336704882737,642.2439210428078,22.569295327025763,1,0
0856,58.48594170707329,4.436479071253035,114.98379408029754,3.5623193715575607,669.8990656662513,22.953553191859847,1,0
0858,58.844304730020426,4.572628298174692,115.86568009760762,4.168438801148785,688.7565293895885,29.567234506605228,1,0
0860,59.065019894912474,4.755658521001109,116.53641890607035,4.513947890929538,695.4810401488038,30.35190665233493,1,0
0863,58.85984939378418,4.22038142504243,116.27376552363943,4.183755316058605,681.054248049362,27.141559930585668,1,0
0865,58.674823218024656,4.414454826460585,115.57325996621226,4.168631185586184,660.6487678878685,26.230795329527105,1,0
0867,58.797903687913035,4.120076446683248,116.37291699211403,4.556067900418024,660.2848221006717,29.092988370287078,1,0
0869,58.431649257994806,3.6658746157840296,115.32742466788132,3.758849112825379,653.3366757126848,24.848692876520488,1,0
0870,58.37612433392393,3.851305588820436,115.24236890180359,3.7102598707146446,640.6218661211096,24.886357038235587,1,0
0873,57.734213192362894,3.7718676462229888,113.52667780641639,2.7033707898900476,608.7014650764992,21.262574642345005,1,0
0875,57.58009949690982,3.242317384965091,113.14668184566077,2.743460049674942,588.2511146815546,18.34376173253075,1,0
0877,57.051270723493666,3.139246375584736,111.42393273263512,2.523208776965548,573.5179079918144,22.48565537138209,1,0
0880,56.559416975404936,3.2636518461022295,110.18189829347091,1.9245542134238964,562.0825091453885,17.210975234526742,1,0
0883,55.77048559465237,3.4292475049032434,107.91661164545626,1.7578902653722919,551.7499284805698,15.496960044120012,1,0
0886,55.39630337575473,3.7089774857462827,106.58884709777935,3.749671796088301,544.6255105145682,17.59697107760285,1,0
0888,54.55600364747511,4.302568104057052,104.31444710119959,5.375427377059194,536.0025575774403,26.544474500599968,1,0
0890,54.56538043101417,3.3297008124436616,103.87777327200321,4.27001369805268,547.8850923704217,11.134035135125064,1,0
0893,53.707655600974725,3.1261404148605454,101.31276865087432,4.1654349172553164,550.67424296726,13.803255317577447,1,0
0896,56.36176658054046,7.324562854463825,108.04955471709656,12.175947346660728,603.4425400929454,62.77693950820923,1,0
